id_login,id_usuario,fecha_login,ip
LG6000,US414,2024-08-22 05:00:00,192.168.18.198
LG6001,US418,,192.168.1.214
LG6002,US476,,192.168.20.28
LG6003,US449,,192.168.12.135
LG6004,US422,,192.168.11.22
LG6005,US507,,192.168.18.36
LG6006,US487,,192.168.16.20
LG6007,US423,,192.168.4.86
LG6008,US426,,192.168.11.13
LG6009,US422,2024-02-07 05:00:00,192.168.9.56
LG6010,US475,2024-09-30 00:00:00,192.168.15.192
LG6011,US410,,ip_desconocida
LG6012,US471,,192.168.9.113
LG6013,US423,,192.168.0.173
LG6014,US504,,192.168.14.250
LG6015,US409,,ip_desconocida
LG6016,US487,,192.168.6.17
LG6017,US474,2024-10-18 22:00:00,192.168.4.103
LG6018,US432,,192.168.3.160
LG6019,US492,,192.168.18.208
LG6020,US9999,,192.168.4.194
LG6021,US412,,192.168.8.91
LG6022,nan,,192.168.2.136
LG6023,US468,,192.168.13.72
LG6024,US416,,192.168.13.32
LG6025,US435,,192.168.19.195
LG6026,nan,,192.168.8.228
LG6027,US467,,192.168.16.104
LG6028,US427,,192.168.5.39
LG6029,US517,,192.168.15.109
LG6030,US453,,192.168.16.215
LG6031,US461,,192.168.2.11
LG6032,US415,,192.168.9.246
LG6033,US452,,192.168.13.223
LG6034,nan,,192.168.12.126
LG6035,US493,,192.168.12.239
LG6036,US429,,192.168.19.82
LG6037,nan,,192.168.14.82
LG6038,US431,,192.168.12.43
LG6039,US445,,192.168.16.60
LG6040,US425,,192.168.20.51
LG6041,US402,,192.168.0.16
LG6042,US497,,192.168.1.246
LG6043,US409,,192.168.10.52
LG6044,US436,,192.168.1.235
LG6045,US9999,,192.168.12.123
LG6046,US443,,192.168.11.106
LG6047,US493,,192.168.11.69
LG6048,US427,,192.168.12.192
LG6049,US486,,999.999.1.1
LG6050,US412,,192.168.9.2
LG6051,US488,,192.168.19.61
LG6052,US506,,192.168.4.193
LG6053,nan,,192.168.19.43
LG6054,US491,,192.168.4.147
LG6055,US498,,192.168.14.144
LG6056,US465,,192.168.0.9
LG6057,US468,,192.168.4.213
LG6058,US447,,192.168.9.138
LG6059,US417,,192.168.12.168
LG6060,US511,,192.168.9.23
LG6061,US443,,192.168.0.183
LG6062,US436,,192.168.7.242
LG6063,US458,,192.168.17.129
LG6064,US507,,192.168.19.190
LG6065,US518,,192.168.11.116
LG6066,US518,,192.168.3.204
LG6067,US448,,192.168.17.200
LG6068,US457,2024-09-09 13:00:00,192.168.19.106
LG6069,US497,,192.168.13.70
LG6070,US410,,192.168.16.161
LG6071,US434,,192.168.16.232
LG6072,US488,,192.168.2.12
LG6073,US428,,ip_desconocida
LG6074,nan,,192.168.6.245
LG6075,US509,,192.168.15.13
LG6076,US463,,192.168.16.176
LG6077,US464,,192.168.11.8
LG6078,US460,,192.168.8.18
LG6079,US500,,192.168.13.36
LG6080,US475,,192.168.2.239
LG6081,US451,,192.168.13.88
LG6082,US508,,192.168.3.33
LG6083,US501,,192.168.14.197
LG6084,US468,,192.168.8.171
LG6085,US510,,192.168.14.4
LG6086,US487,,192.168.9.118
LG6087,US420,,192.168.9.127
LG6088,US464,,192.168.18.174
LG6089,US423,,192.168.2.226
LG6090,US483,,192.168.0.175
LG6091,US463,,192.168.16.225
LG6092,US456,,192.168.5.171
LG6093,US479,,192.168.20.28
LG6094,US475,,192.168.0.252
LG6095,US489,,192.168.7.93
LG6096,US405,,192.168.2.79
LG6097,US418,,192.168.12.58
LG6098,nan,,192.168.6.242
LG6099,US515,,192.168.12.25
LG6100,US404,,192.168.3.114
LG6101,US506,,192.168.10.29
LG6102,US425,,192.168.13.240
LG6103,US503,,192.168.6.114
LG6104,US494,,192.168.20.179
LG6105,US417,,192.168.6.43
LG6106,US408,,192.168.16.42
LG6107,US433,,192.168.4.156
LG6108,US430,,192.168.3.253
LG6109,US438,,192.168.12.6
LG6110,US416,,192.168.17.179
LG6111,US448,,192.168.7.207
LG6112,US446,,192.168.2.198
LG6113,US448,,192.168.8.247
LG6114,US519,,999.999.1.1
LG6115,US435,,192.168.4.162
LG6116,US500,,192.168.9.172
LG6117,US516,,192.168.6.57
LG6118,US408,,192.168.9.139
LG6119,US435,,192.168.9.140
LG6120,US506,,192.168.9.2
LG6121,US470,,192.168.5.237
LG6122,US465,,192.168.16.143
LG6123,US465,,192.168.11.225
LG6124,US518,,192.168.7.156
LG6125,US484,,192.168.6.72
LG6126,US504,,192.168.13.10
LG6127,US475,,999.999.1.1
LG6128,nan,,192.168.9.176
LG6129,US441,,192.168.17.17
LG6130,US403,,192.168.0.149
LG6131,US435,,192.168.10.65
LG6132,US515,,192.168.12.180
LG6133,US454,,192.168.0.18
LG6134,US438,,192.168.3.170
LG6135,US404,,192.168.9.111
LG6136,US454,,192.168.2.217
LG6137,US425,,192.168.5.173
LG6138,US455,,192.168.12.47
LG6139,US495,,192.168.19.8
LG6140,US456,,192.168.0.254
LG6141,US448,,192.168.1.127
LG6142,US413,,ip_desconocida
LG6143,US412,,192.168.8.5
LG6144,US423,,192.168.14.5
LG6145,US481,,192.168.15.114
LG6146,US412,,192.168.20.239
LG6147,US510,,192.168.12.202
LG6148,US517,,192.168.12.4
LG6149,US446,,192.168.13.169
LG6150,US455,,192.168.6.182
LG6151,US431,,192.168.2.215
LG6152,US439,,nan
LG6153,US423,,192.168.4.131
LG6154,US512,,192.168.10.84
LG6155,US417,,192.168.7.84
LG6156,US413,,192.168.10.77
LG6157,US431,,192.168.4.101
LG6158,US489,,192.168.10.219
LG6159,US468,,192.168.4.12
LG6160,US465,,192.168.2.5
LG6161,US495,,192.168.13.187
LG6162,US401,,192.168.7.146
LG6163,US462,,192.168.19.4
LG6164,US459,,192.168.17.178
LG6165,US504,,192.168.3.103
LG6166,US406,,192.168.0.106
LG6167,US414,,192.168.5.137
LG6168,US447,,192.168.12.15
LG6169,US502,,192.168.15.30
LG6170,US503,,192.168.7.191
LG6171,US493,,192.168.0.238
LG6172,US486,,192.168.3.97
LG6173,US490,,192.168.0.60
LG6174,US476,,192.168.7.68
LG6175,US491,,192.168.12.166
LG6176,US490,,192.168.8.86
LG6177,US429,,192.168.14.184
LG6178,US401,,nan
LG6179,US493,,192.168.7.136
LG6180,US466,,192.168.12.180
LG6181,US454,,192.168.13.105
LG6182,US421,,192.168.12.119
LG6183,US492,,192.168.19.221
LG6184,US413,,192.168.19.154
LG6185,US508,,192.168.14.2
LG6186,US414,,192.168.5.100
LG6187,US449,,192.168.5.172
LG6188,US413,,192.168.0.69
LG6189,US512,,192.168.14.204
LG6190,US433,,192.168.3.149
LG6191,US511,,192.168.8.179
LG6192,US402,,ip_desconocida
LG6193,US443,,192.168.18.252
LG6194,US416,,ip_desconocida
LG6195,US447,,192.168.1.175
LG6196,US434,,192.168.6.31
LG6197,US512,,192.168.20.57
LG6198,US432,,192.168.20.27
LG6199,US500,,192.168.10.90
LG6200,US461,,nan
LG6201,US496,,192.168.15.67
LG6202,US511,,192.168.2.127
LG6203,US460,,192.168.7.107
LG6204,US486,,192.168.18.28
LG6205,US454,,192.168.15.44
LG6206,US491,,192.168.7.46
LG6207,US416,,192.168.1.227
LG6208,US475,,192.168.7.221
LG6209,US457,,192.168.20.49
LG6210,US472,,192.168.13.160
LG6211,US408,,192.168.13.153
LG6212,US474,,192.168.18.171
LG6213,US429,,192.168.14.172
LG6214,US417,,192.168.2.50
LG6215,US447,,192.168.19.148
LG6216,US480,,192.168.12.141
LG6217,US481,,192.168.8.253
LG6218,US510,,192.168.15.16
LG6219,US500,,192.168.11.137
LG6220,US413,,192.168.15.195
LG6221,US478,,192.168.20.44
LG6222,US464,,192.168.9.254
LG6223,US407,,192.168.14.234
LG6224,US410,,192.168.10.39
LG6225,US446,,192.168.4.149
LG6226,US491,,192.168.0.124
LG6227,US432,2024-08-22 09:00:00,192.168.9.120
LG6228,US436,,192.168.8.73
LG6229,US473,,192.168.14.118
